Instance_number,coorte,crediti_totali,crediti_con_voto,voto_medio,ASD,data_ASD,ARC,data_ARC,PRG,data_PRG,ANI,data_ANI,MDL,data_MDL,INGLESE,data_INGLESE,TEST,Cluster
0,0,0.111111,0.117647,0.307692,0.709677,2011-06-15,0,0000-00-00,0,0000-00-00,0,0000-00-00,0,0000-00-00,0,0000-00-00,0.52,1
0.003175,0,0.611111,0.588235,0.692308,0.903226,2011-07-06,0,0000-00-00,0.806452,2011-09-23,0.935484,2011-07-26,0,0000-00-00,0,2011-06-21,0.88,2
0.006349,0,1,1,0.846154,1,2011-06-15,0.967742,2011-08-30,0.903226,2011-06-20,0.903226,2011-06-10,0.967742,2011-07-07,0,2011-10-18,0.64,0
0.009524,0,0.777778,0.764706,0.692308,0.83871,2011-06-15,0,0000-00-00,0.741935,2011-06-20,0.967742,2011-09-09,0.967742,2011-07-27,0,2011-10-04,0.76,2
0.012698,0,0.611111,0.588235,0.538462,0.83871,2011-06-15,0,0000-00-00,0.83871,2011-07-11,0.741935,2011-09-09,0,0000-00-00,0,2011-06-09,0.72,2
0.015873,0,0.611111,0.588235,0.461538,0.774194,2011-06-15,0,0000-00-00,0.774194,2011-07-11,0.774194,2011-09-09,0,0000-00-00,0,2011-10-25,0.6,2
0.019048,0,0.333333,0.352941,1,0,0000-00-00,0,0000-00-00,1,2011-07-22,0.967742,2011-06-10,0,0000-00-00,0,0000-00-00,0.72,2
0.022222,0,0.166667,0.117647,0,0.580645,2011-07-22,0,0000-00-00,0,0000-00-00,0,0000-00-00,0,0000-00-00,0,2011-06-21,0.44,1
0.025397,0,0.333333,0.352941,0.153846,0.677419,2011-07-06,0,0000-00-00,0,0000-00-00,0.612903,2011-09-09,0,0000-00-00,0,0000-00-00,0.44,1
0.028571,0,0.611111,0.588235,0.615385,0.870968,2011-07-22,0,0000-00-00,0.774194,2011-07-11,0.903226,2011-07-01,0,0000-00-00,0,2011-02-22,0.52,2
0.031746,0,1,1,0.846154,0.967742,2011-07-06,0.935484,2011-09-13,0.83871,2011-06-20,1,2011-06-10,0.870968,2011-07-25,0,2011-09-27,0.76,0
0.034921,0,1,1,0.692308,0.903226,2011-06-15,0.903226,2011-08-30,0.870968,2011-07-11,0.903226,2011-07-26,0.741935,2011-07-05,0,2011-09-22,0.68,0
0.038095,0,0.166667,0.117647,0.307692,0.709677,2011-07-22,0,0000-00-00,0,0000-00-00,0,0000-00-00,0,0000-00-00,0,2011-05-17,0.56,1
0.04127,0,0.277778,0.294118,0.538462,0.903226,2011-07-06,0,0000-00-00,0,0000-00-00,0,0000-00-00,0.677419,2011-09-19,0,0000-00-00,0.8,1
0.044444,0,0.777778,0.764706,0.615385,0.967742,2011-06-15,0.870968,2011-08-30,0.903226,2011-06-20,0,0000-00-00,0.645161,2011-07-07,0,2011-06-23,0.56,0
0.047619,0,0.111111,0.117647,0.538462,0.806452,2011-06-15,0,0000-00-00,0,0000-00-00,0,0000-00-00,0,0000-00-00,0,0000-00-00,0.68,1
0.050794,0,0.055556,0.058824,0.153846,0,0000-00-00,0,0000-00-00,0,0000-00-00,0,0000-00-00,0.645161,2011-07-26,0,0000-00-00,0.68,1
0.053968,0,1,1,0.846154,0.967742,2011-06-15,0.903226,2011-09-13,0.967742,2011-06-20,0.967742,2011-09-09,0.903226,2011-07-05,0,2011-11-29,0.84,0
0.057143,0,0.722222,0.764706,0.692308,0.967742,2011-07-06,0,0000-00-00,0.83871,2011-09-23,0.967742,2011-06-10,0.741935,2011-07-26,0,0000-00-00,0.68,2
0.060317,0,0.111111,0.117647,0.307692,0.709677,2011-09-21,0,0000-00-00,0,0000-00-00,0,0000-00-00,0,0000-00-00,0,0000-00-00,0.36,1
0.063492,0,0.722222,0.764706,0.846154,0.903226,2011-06-15,0,0000-00-00,1,2011-07-22,0.967742,2011-07-01,0.870968,2011-09-19,0,0000-00-00,0.72,2
0.066667,0,0.333333,0.352941,0.538462,0.741935,2011-07-06,0,0000-00-00,0.83871,2011-06-20,0,0000-00-00,0,0000-00-00,0,0000-00-00,0.64,2
0.069841,0,0.111111,0.117647,0.538462,0.806452,2011-07-06,0,0000-00-00,0.806452,2011-09-23,0,0000-00-00,0,0000-00-00,0,0000-00-00,0.4,2
0.073016,0,0.333333,0.352941,0.692308,0.870968,2011-06-15,0,0000-00-00,0.870968,2011-06-20,0,0000-00-00,0,0000-00-00,0,0000-00-00,0.8,2
0.07619,0,0.111111,0.117647,0,0.580645,2011-07-26,0,0000-00-00,0,0000-00-00,0,0000-00-00,0,0000-00-00,0,0000-00-00,0.48,1
0.079365,0,0.111111,0.117647,0.615385,0.83871,2011-07-26,0,0000-00-00,0,0000-00-00,0,0000-00-00,0,0000-00-00,0,0000-00-00,0.6,1
0.08254,0,0.111111,0.117647,0.461538,0.774194,2011-09-21,0,0000-00-00,0,0000-00-00,0,0000-00-00,0,0000-00-00,0,0000-00-00,0.4,1
0.085714,0,0.166667,0.117647,0.538462,0.806452,2011-07-06,0,0000-00-00,0,0000-00-00,0,0000-00-00,0,0000-00-00,0,2011-05-10,0.56,1
0.088889,0,0.111111,0.117647,0.923077,0,0000-00-00,0,0000-00-00,0,0000-00-00,0.967742,2011-07-26,0,0000-00-00,0,0000-00-00,0.72,1
0.092063,0.2,0.111111,0.117647,0.615385,0,0000-00-00,0,0000-00-00,0,0000-00-00,0.83871,2012-07-27,0,0000-00-00,0,0000-00-00,0.72,1
0.095238,0.2,0.111111,0.117647,0.692308,0,0000-00-00,0,0000-00-00,0,0000-00-00,0.870968,2012-07-27,0,0000-00-00,0,0000-00-00,0.56,1
0.098413,0.2,0.388889,0.352941,0.384615,0,0000-00-00,0,0000-00-00,0.709677,2012-07-25,0.774194,2012-07-06,0,0000-00-00,0,2012-11-13,0.68,2
0.101587,0.2,0.333333,0.352941,0.307692,0.741935,2012-09-18,0,0000-00-00,0.645161,2012-09-20,0,0000-00-00,0,0000-00-00,0,0000-00-00,0.48,2
0.104762,0.2,0.5,0.529412,0.615385,0.903226,2012-07-11,0,0000-00-00,0.903226,2012-09-20,0,0000-00-00,0.709677,2012-09-13,0,0000-00-00,0.76,2
0.107937,0.2,0.166667,0.117647,0.538462,0.806452,2012-09-21,0,0000-00-00,0,0000-00-00,0,0000-00-00,0,0000-00-00,0,2012-06-25,0.56,1
0.111111,0.2,1,1,0.384615,0.806452,2012-09-21,0.645161,2012-06-18,0.709677,2012-09-20,0.83871,2012-09-21,0.709677,2012-07-12,0,2012-03-20,0.68,0
0.114286,0.2,0.555556,0.588235,0.769231,0.903226,2012-07-31,0.806452,2012-07-17,0.967742,2012-06-21,0,0000-00-00,0,0000-00-00,0,0000-00-00,0.52,0
0.11746,0.2,0.388889,0.352941,0.384615,0.741935,2012-07-11,0,0000-00-00,0.709677,2012-07-25,0,0000-00-00,0,0000-00-00,0,2012-01-19,0.64,2
0.120635,0.2,0.333333,0.352941,0.461538,0.806452,2012-06-19,0,0000-00-00,0.709677,2012-07-10,0,0000-00-00,0,0000-00-00,0,0000-00-00,0,2
0.12381,0.2,0.166667,0.117647,0.153846,0.645161,2012-09-18,0,0000-00-00,0,0000-00-00,0,0000-00-00,0,0000-00-00,0,2012-01-25,0.64,1
0.126984,0.2,0.555556,0.588235,0.615385,0.870968,2012-09-18,0,0000-00-00,0.870968,2012-09-20,0.774194,2012-07-06,0,0000-00-00,0,0000-00-00,0.8,2
0.130159,0.2,0.555556,0.588235,0.846154,0.967742,2012-06-22,0,0000-00-00,0.903226,2012-07-10,0.967742,2012-07-27,0,0000-00-00,0,0000-00-00,0.68,2
0.133333,0.2,0.944444,1,0.461538,0.870968,2012-07-11,0.741935,2012-07-30,0.774194,2012-07-10,0.903226,2012-06-22,0.645161,2012-06-14,0,0000-00-00,0.76,0
0.136508,0.2,0.611111,0.588235,0.692308,0.967742,2012-07-11,0,0000-00-00,0.83871,2012-06-21,0.83871,2012-06-22,0,0000-00-00,0,2012-10-02,0.44,2
0.139683,0.2,0.333333,0.352941,0.538462,0.806452,2012-09-18,0,0000-00-00,0,0000-00-00,0.806452,2012-06-22,0,0000-00-00,0,0000-00-00,0.56,1
0.142857,0.2,0.611111,0.588235,0.461538,0.709677,2012-07-11,0,0000-00-00,0.806452,2012-07-10,0.774194,2012-06-22,0,0000-00-00,0,2012-11-22,0.52,2
0.146032,0.2,0.333333,0.352941,0.384615,0.83871,2012-06-19,0,0000-00-00,0.612903,2012-09-20,0,0000-00-00,0,0000-00-00,0,0000-00-00,0.52,2
0.149206,0.2,0.333333,0.352941,0.538462,0.806452,2012-07-31,0,0000-00-00,0.774194,2012-07-25,0,0000-00-00,0,0000-00-00,0,0000-00-00,0.56,2
0.152381,0.2,0.333333,0.352941,0.461538,0,0000-00-00,0.645161,2012-09-24,0,0000-00-00,0.870968,2012-06-22,0,0000-00-00,0,0000-00-00,0.68,1
0.155556,0.2,0.333333,0.352941,0.461538,0.774194,2012-07-11,0,0000-00-00,0,0000-00-00,0.741935,2012-07-27,0,0000-00-00,0,0000-00-00,0.76,1
0.15873,0.2,0.166667,0.117647,0.538462,0.806452,2012-07-11,0,0000-00-00,0,0000-00-00,0,0000-00-00,0,0000-00-00,0,2012-05-16,0.68,1
0.161905,0.2,0.111111,0.117647,0.461538,0,0000-00-00,0.774194,2012-06-18,0,0000-00-00,0,0000-00-00,0,0000-00-00,0,0000-00-00,0.56,1
0.165079,0.2,0.944444,1,0.692308,0.903226,2012-07-11,0.870968,2012-07-17,0.806452,2012-07-10,0.967742,2012-06-22,0.83871,2012-06-14,0,0000-00-00,0.48,0
0.168254,0.2,0.333333,0.352941,0.538462,0.870968,2012-07-11,0,0000-00-00,0.741935,2012-07-10,0,0000-00-00,0,0000-00-00,0,0000-00-00,0.56,2
0.171429,0.2,0.388889,0.352941,0.692308,0.870968,2012-06-19,0,0000-00-00,0,0000-00-00,0.83871,2012-09-21,0,0000-00-00,0,2012-05-16,0.68,1
0.174603,0.2,0.388889,0.352941,0.461538,0.870968,2012-07-11,0.645161,2012-06-18,0,0000-00-00,0,0000-00-00,0,0000-00-00,0,2012-03-27,0.48,1
0.177778,0.2,0.833333,0.823529,0.692308,1,2012-06-19,0.806452,2012-07-30,0.806452,2012-06-21,0.83871,2012-07-06,0,0000-00-00,0,2012-10-30,0.64,0
0.180952,0.2,0.333333,0.352941,0.538462,0.870968,2012-07-11,0,0000-00-00,0.709677,2012-07-10,0,0000-00-00,0,0000-00-00,0,0000-00-00,0.68,2
0.184127,0.2,0.111111,0.117647,0.692308,0.870968,2012-07-11,0,0000-00-00,0,0000-00-00,0,0000-00-00,0,0000-00-00,0,0000-00-00,0.48,1
0.187302,0.2,0.111111,0.117647,0.384615,0.741935,2012-06-19,0,0000-00-00,0,0000-00-00,0,0000-00-00,0,0000-00-00,0,0000-00-00,0.72,1
0.190476,0.2,0.5,0.529412,0.384615,0.806452,2012-07-11,0,0000-00-00,0.741935,2012-07-10,0,0000-00-00,0.677419,2012-08-01,0,0000-00-00,0.64,2
0.193651,0.2,0.777778,0.823529,0.692308,0.967742,2012-07-31,0.967742,2012-07-10,0.709677,2012-07-25,0.806452,2012-09-21,0,0000-00-00,0,0000-00-00,0.48,0
0.196825,0.4,0.777778,0.764706,0.692308,0.967742,2013-06-20,0,0000-00-00,0.935484,2013-07-18,0.903226,2013-07-18,0.645161,2013-09-11,0,2013-04-16,0.44,2
0.2,0.4,0.555556,0.588235,0.538462,0.774194,2013-09-19,0,0000-00-00,0.967742,2013-07-31,0.677419,2013-09-05,0,0000-00-00,0,0000-00-00,0.48,2
0.203175,0.4,0.277778,0.294118,0.384615,0,0000-00-00,0,0000-00-00,0,0000-00-00,0.83871,2013-06-27,0.645161,2013-07-31,0,0000-00-00,0.52,1
0.206349,0.4,0.833333,0.823529,0.846154,0.967742,2013-06-21,0.870968,2013-07-24,1,2013-06-20,0.870968,2013-09-05,0,0000-00-00,0,2013-04-16,0.44,0
0.209524,0.4,0.333333,0.352941,1,0.967742,2013-07-11,0,0000-00-00,1,2013-07-18,0,0000-00-00,0,0000-00-00,0,0000-00-00,0.56,2
0.212698,0.4,1,1,0.846154,1,2013-06-20,0.774194,2013-06-12,0.967742,2013-06-20,1,2013-06-27,0.903226,2013-07-30,0,2013-05-07,0.84,0
0.215873,0.4,1,1,0.769231,0.967742,2013-07-11,0.870968,2013-06-12,1,2013-06-20,0.774194,2013-09-05,0.903226,2013-07-03,0,2013-02-05,0.64,0
0.219048,0.4,0.333333,0.352941,0.846154,0.967742,2013-09-19,0,0000-00-00,0,0000-00-00,0.903226,2013-07-18,0,0000-00-00,0,0000-00-00,0.64,1
0.222222,0.4,1,1,0.692308,1,2013-06-21,0.806452,2013-07-08,0.870968,2013-07-18,0.903226,2013-07-18,0.774194,2013-06-12,0,2013-04-16,0.64,0
0.225397,0.4,0.111111,0.117647,0.692308,0,0000-00-00,0,0000-00-00,0,0000-00-00,0.870968,2013-09-19,0,0000-00-00,0,0000-00-00,0.48,1
0.228571,0.4,0.111111,0.117647,0.692308,0,0000-00-00,0,0000-00-00,0,0000-00-00,0.870968,2013-07-18,0,0000-00-00,0,0000-00-00,0.56,1
0.231746,0.4,0.388889,0.352941,0.769231,0.806452,2013-06-21,0,0000-00-00,1,2013-07-18,0,0000-00-00,0,0000-00-00,0,2013-05-21,0.72,2
0.234921,0.4,0.777778,0.764706,0.615385,0.967742,2013-06-20,0.806452,2013-09-19,0.967742,2013-06-20,0,0000-00-00,0.645161,2013-09-12,0,2013-04-09,0.8,0
0.238095,0.4,0.388889,0.352941,0.615385,0.967742,2013-07-26,0,0000-00-00,0,0000-00-00,0.709677,2013-09-05,0,0000-00-00,0,2013-12-10,0.52,1
0.24127,0.4,0.555556,0.588235,0.538462,0.903226,2013-07-26,0,0000-00-00,0.83871,2013-07-31,0.677419,2013-09-05,0,0000-00-00,0,0000-00-00,0.4,2
0.244444,0.4,0.333333,0.352941,0.384615,0.870968,2013-09-19,0,0000-00-00,0.580645,2013-09-13,0,0000-00-00,0,0000-00-00,0,0000-00-00,0.64,2
0.247619,0.4,0.555556,0.588235,0.384615,0.870968,2013-07-11,0,0000-00-00,0.580645,2013-07-18,0.806452,2013-09-05,0,0000-00-00,0,0000-00-00,0.64,2
0.250794,0.4,0.388889,0.352941,0.230769,0.580645,2013-09-19,0,0000-00-00,0.741935,2013-09-23,0,0000-00-00,0,0000-00-00,0,2013-02-13,0.56,2
0.253968,0.4,0.777778,0.823529,0.923077,1,2013-07-11,0.935484,2013-06-12,1,2013-07-18,0.903226,2013-09-05,0,0000-00-00,0,0000-00-00,0.48,0
0.257143,0.4,0.722222,0.764706,0.769231,0.83871,2013-07-11,0,0000-00-00,0.967742,2013-07-31,0.935484,2013-09-19,0.83871,2013-09-11,0,0000-00-00,0.8,2
0.260317,0.4,0.555556,0.588235,1,0.967742,2013-07-26,0,0000-00-00,1,2013-07-18,1,2013-06-27,0,0000-00-00,0,0000-00-00,0.48,2
0.263492,0.4,0.388889,0.352941,0.461538,0.903226,2013-07-26,0,0000-00-00,0,0000-00-00,0.645161,2013-07-18,0,0000-00-00,0,2013-03-26,0.44,1
0.266667,0.4,1,1,0.923077,1,2013-07-26,0.903226,2013-06-12,1,2013-07-31,0.967742,2013-09-05,0.967742,2013-07-03,0,2013-03-05,0.76,0
0.269841,0.4,0.388889,0.352941,0.384615,0.580645,2013-07-11,0,0000-00-00,0.870968,2013-09-23,0,0000-00-00,0,0000-00-00,0,2013-04-09,0.48,2
0.273016,0.4,0.111111,0.117647,0.153846,0,0000-00-00,0,0000-00-00,0,0000-00-00,0.645161,2013-07-18,0,0000-00-00,0,0000-00-00,0.52,1
0.27619,0.4,0.944444,1,0.461538,0.741935,2013-06-21,0.645161,2013-07-24,0.967742,2013-07-18,0.83871,2013-06-27,0.709677,2013-09-11,0,0000-00-00,0.68,0
0.279365,0.4,0.555556,0.529412,0.769231,0.935484,2013-07-11,0,0000-00-00,0,0000-00-00,0.903226,2013-07-18,0.83871,2013-09-11,0,2013-06-10,0.52,1
0.28254,0.4,0.777778,0.764706,0.538462,0.83871,2013-07-11,0,0000-00-00,0.870968,2013-07-18,0.967742,2013-07-18,0.580645,2013-09-10,0,2013-04-23,0.64,2
0.285714,0.4,1,1,0.923077,0.967742,2013-06-20,0.967742,2013-06-12,0.967742,2013-06-20,1,2013-06-27,1,2013-06-12,0,2013-05-09,0.96,0
0.288889,0.4,0.555556,0.588235,0.769231,0.967742,2013-07-11,0,0000-00-00,0.967742,2013-07-18,0.741935,2013-07-18,0,0000-00-00,0,0000-00-00,0.6,2
0.292063,0.4,0.333333,0.352941,0.615385,0.709677,2013-09-19,0,0000-00-00,0.967742,2013-07-31,0,0000-00-00,0,0000-00-00,0,0000-00-00,0.64,2
0.295238,0.4,0.833333,0.823529,0.615385,0.83871,2013-07-26,0.774194,2013-06-12,0.935484,2013-07-18,0.774194,2013-06-27,0,0000-00-00,0,2013-03-06,0.6,0
0.298413,0.4,0.5,0.529412,0.384615,0.806452,2013-09-19,0,0000-00-00,0,0000-00-00,0.774194,2013-06-27,0.645161,2013-07-30,0,2013-12-02,0.36,1
0.301587,0.4,0.333333,0.294118,0.769231,0,0000-00-00,0,0000-00-00,0,0000-00-00,0.967742,2013-07-18,0.806452,2013-06-12,0,2013-06-05,0.52,1
0.304762,0.4,1,1,0.538462,0.967742,2013-07-11,0.83871,2013-09-19,0.645161,2013-06-20,0.774194,2013-06-27,0.774194,2013-07-30,0,2013-05-14,0.48,0
0.307937,0.4,0.111111,0.117647,0.461538,0,0000-00-00,0,0000-00-00,0,0000-00-00,0.774194,2013-09-19,0,0000-00-00,0,0000-00-00,0.84,1
0.311111,0.4,0.388889,0.352941,0.538462,0.774194,2013-09-19,0,0000-00-00,0.806452,2013-09-23,0,0000-00-00,0,0000-00-00,0,2013-02-05,0.56,2
0.314286,0.4,0.555556,0.588235,0.384615,0.806452,2013-07-11,0.677419,2013-07-24,0.741935,2013-06-20,0,0000-00-00,0,0000-00-00,0,0000-00-00,0.4,0
0.31746,0.4,0.555556,0.588235,0.307692,0.83871,2013-07-11,0,0000-00-00,0.580645,2013-07-18,0.709677,2013-07-18,0,0000-00-00,0,0000-00-00,0.52,2
0.320635,0.4,0.777778,0.764706,0.692308,0.967742,2013-06-21,0.806452,2013-07-08,0.967742,2013-07-18,0,0000-00-00,0.677419,2013-06-12,0,2013-04-16,0.44,0
0.32381,0.4,0.555556,0.588235,0.538462,0.806452,2013-07-11,0,0000-00-00,0.677419,2013-07-18,0.967742,2013-06-27,0,0000-00-00,0,0000-00-00,0.64,2
0.326984,0.4,0.555556,0.529412,0.769231,0.967742,2013-09-19,0,0000-00-00,0,0000-00-00,1,2013-07-18,0.741935,2013-07-03,0,2013-12-02,0.72,1
0.330159,0.4,0.333333,0.352941,0.384615,0.806452,2013-09-19,0,0000-00-00,0,0000-00-00,0.645161,2013-09-05,0,0000-00-00,0,0000-00-00,0.52,1
0.333333,0.4,0.388889,0.352941,0.692308,0.806452,2013-09-19,0,0000-00-00,0.935484,2013-09-23,0,0000-00-00,0,0000-00-00,0,2013-05-14,0.52,2
0.336508,0.4,0.611111,0.588235,0.769231,0.967742,2013-06-21,0.83871,2013-07-08,0.870968,2013-06-20,0,0000-00-00,0,0000-00-00,0,2013-04-16,0.52,0
0.339683,0.4,0.277778,0.294118,0.230769,0,0000-00-00,0,0000-00-00,0,0000-00-00,0.741935,2013-06-27,0.612903,2013-09-12,0,0000-00-00,0.72,1
0.342857,0.4,0.555556,0.588235,0.461538,0.774194,2013-09-19,0,0000-00-00,0.774194,2013-07-31,0.774194,2013-09-05,0,0000-00-00,0,0000-00-00,0.64,2
0.346032,0.4,0.555556,0.588235,0.538462,0.870968,2013-07-26,0,0000-00-00,0.870968,2013-07-31,0.709677,2013-09-19,0,0000-00-00,0,0000-00-00,0.4,2
0.349206,0.4,0.555556,0.588235,0.615385,0.83871,2013-09-19,0,0000-00-00,0.903226,2013-09-23,0.806452,2013-07-18,0,0000-00-00,0,0000-00-00,0.68,2
0.352381,0.4,1,1,0.615385,0.806452,2013-06-21,0.870968,2013-09-19,0.83871,2013-06-20,0.870968,2013-07-18,0.774194,2013-07-31,0,2013-10-29,0.64,0
0.355556,0.4,0.777778,0.764706,0.692308,0.967742,2013-07-11,0,0000-00-00,0.709677,2013-07-18,0.903226,2013-06-27,0.870968,2013-07-30,0,2013-05-06,0.6,2
0.35873,0.4,0.611111,0.588235,0.307692,0.645161,2013-09-19,0,0000-00-00,0.83871,2013-09-23,0.645161,2013-07-18,0,0000-00-00,0,2013-05-14,0.32,2
0.361905,0.6,0.944444,1,0.923077,1,2014-06-12,0.967742,2014-07-10,0.903226,2014-06-17,0.967742,2014-06-27,0.967742,2014-09-10,0,0000-00-00,0.76,0
0.365079,0.6,0.777778,0.823529,0.615385,0.83871,2014-07-17,0.870968,2014-06-12,0.870968,2014-09-03,0.806452,2014-06-10,0,0000-00-00,0,0000-00-00,0.6,0
0.368254,0.6,0.333333,0.294118,0.692308,0,0000-00-00,0,0000-00-00,0,0000-00-00,0.935484,2014-06-10,0.774194,2014-07-02,0,2014-04-17,0.56,1
0.371429,0.6,0.833333,0.823529,0.846154,0.935484,2014-07-17,0.806452,2014-06-12,0.967742,2014-09-02,0.967742,2014-06-10,0,0000-00-00,0,2014-02-25,0.72,0
0.374603,0.6,0.944444,1,0.769231,0.967742,2014-06-11,0.806452,2014-07-10,0.903226,2014-06-17,0.967742,2014-06-27,0.903226,2014-07-30,0,0000-00-00,0.68,0
0.377778,0.6,0.555556,0.588235,0.461538,0.774194,2014-06-12,0,0000-00-00,0.741935,2014-09-03,0.83871,2014-09-09,0,0000-00-00,0,0000-00-00,0.52,2
0.380952,0.6,0.333333,0.352941,0.692308,0.806452,2014-09-12,0,0000-00-00,0,0000-00-00,0.935484,2014-09-09,0,0000-00-00,0,0000-00-00,0.52,1
0.384127,0.6,0.611111,0.588235,0.384615,0.806452,2014-06-11,0.580645,2014-07-24,0,0000-00-00,0.870968,2014-07-23,0,0000-00-00,0,2014-09-10,0.48,1
0.387302,0.6,0.833333,0.823529,0.692308,0.870968,2014-06-12,0.774194,2014-09-15,0.903226,2014-07-08,0.967742,2014-07-23,0,0000-00-00,0,2014-04-08,0.48,0
0.390476,0.6,0.555556,0.588235,0.461538,0.83871,2014-06-12,0,0000-00-00,0.677419,2014-09-03,0.83871,2014-09-09,0,0000-00-00,0,0000-00-00,0.68,2
0.393651,0.6,0.555556,0.588235,0.461538,0.83871,2014-06-12,0,0000-00-00,0.83871,2014-07-29,0.645161,2014-09-09,0,0000-00-00,0,0000-00-00,0.52,2
0.396825,0.6,0.333333,0.352941,0.692308,0.83871,2014-07-17,0,0000-00-00,0.870968,2014-09-03,0,0000-00-00,0,0000-00-00,0,0000-00-00,0.68,2
0.4,0.6,0.166667,0.117647,0.384615,0,0000-00-00,0,0000-00-00,0,0000-00-00,0.741935,2014-09-09,0,0000-00-00,0,2014-06-30,0.4,1
0.403175,0.6,1,1,0.538462,0.806452,2014-06-13,0.580645,2014-09-15,0.83871,2014-09-03,0.967742,2014-07-23,0.870968,2014-07-02,0,2014-04-15,0.72,0
0.406349,0.6,0.388889,0.352941,0.538462,0.806452,2014-06-12,0,0000-00-00,0.806452,2014-09-03,0,0000-00-00,0,0000-00-00,0,2014-02-14,0.6,2
0.409524,0.6,0.833333,0.823529,0.692308,0.870968,2014-06-11,0.870968,2014-06-12,0.774194,2014-09-03,0.903226,2014-07-23,0,0000-00-00,0,2014-02-14,0.72,0
0.412698,0.6,0.777778,0.764706,0.692308,0.967742,2014-06-12,0,0000-00-00,0.870968,2014-06-17,0.935484,2014-06-27,0.677419,2014-07-29,0,2014-03-25,0.52,2
0.415873,0.6,0.611111,0.588235,0.384615,0.903226,2014-06-11,0.580645,2014-07-10,0,0000-00-00,0.774194,2014-09-09,0,0000-00-00,0,2014-04-17,0.64,1
0.419048,0.6,0.555556,0.529412,0.230769,0.645161,2014-07-17,0,0000-00-00,0,0000-00-00,0.83871,2014-09-09,0.580645,2014-07-03,0,2014-09-16,0.6,1
0.422222,0.6,0.111111,0.117647,0.538462,0.806452,2014-07-17,0,0000-00-00,0,0000-00-00,0,0000-00-00,0,0000-00-00,0,0000-00-00,0.36,1
0.425397,0.6,0.777778,0.764706,0.692308,0.903226,2014-07-09,0,0000-00-00,0.83871,2014-07-29,0.967742,2014-06-10,0.709677,2014-07-29,0,2014-04-08,0.64,2
0.428571,0.6,0.277778,0.294118,0.307692,0.806452,2014-07-17,0,0000-00-00,0,0000-00-00,0,0000-00-00,0.612903,2014-07-30,0,0000-00-00,0.44,1
0.431746,0.6,0.388889,0.352941,0.692308,0.903226,2014-09-12,0,0000-00-00,0.83871,2014-07-28,0,0000-00-00,0,0000-00-00,0,2014-09-16,0.72,2
0.434921,0.6,0.333333,0.352941,0.307692,0.83871,2014-07-17,0,0000-00-00,0,0000-00-00,0.580645,2014-07-23,0,0000-00-00,0,0000-00-00,0.64,1
0.438095,0.6,1,1,0.846154,0.967742,2014-06-13,0.83871,2014-07-24,0.967742,2014-09-03,1,2014-06-27,0.870968,2014-09-09,0,2014-05-06,0.8,0
0.44127,0.6,1,1,0.923077,1,2014-06-11,1,2014-06-12,0.903226,2014-09-03,1,2014-06-27,1,2014-06-13,0,2014-03-18,0.84,0
0.444444,0.6,0.333333,0.352941,0.384615,0.677419,2014-07-17,0,0000-00-00,0,0000-00-00,0.774194,2014-09-09,0,0000-00-00,0,0000-00-00,0.2,1
0.447619,0.6,0.111111,0.117647,0.461538,0.774194,2014-09-12,0,0000-00-00,0,0000-00-00,0,0000-00-00,0,0000-00-00,0,0000-00-00,0.48,1
0.450794,0.6,0.111111,0.117647,0.153846,0.645161,2014-07-17,0,0000-00-00,0,0000-00-00,0,0000-00-00,0,0000-00-00,0,0000-00-00,0.16,1
0.453968,0.6,1,1,1,1,2014-07-17,1,2014-09-15,1,2014-06-17,1,2014-06-10,1,2014-07-01,0,2014-03-25,1,0
0.457143,0.6,0.944444,1,0.692308,0.903226,2014-06-12,0.903226,2014-07-24,0.83871,2014-07-08,0.967742,2014-06-10,0.741935,2014-07-30,0,0000-00-00,0.72,0
0.460317,0.6,0.555556,0.529412,0.307692,0.806452,2014-07-17,0,0000-00-00,0,0000-00-00,0.709677,2014-09-16,0.580645,2014-09-11,0,2014-05-27,0.6,1
0.463492,0.6,0.333333,0.352941,0.384615,0.709677,2014-09-12,0,0000-00-00,0,0000-00-00,0.741935,2014-06-30,0,0000-00-00,0,0000-00-00,0.44,1
0.466667,0.6,0.333333,0.294118,0.692308,0.967742,2014-07-17,0,0000-00-00,0,0000-00-00,0,0000-00-00,0.774194,2014-07-29,0,2014-05-27,0.56,1
0.469841,0.6,0.166667,0.117647,0.692308,0.870968,2014-07-17,0,0000-00-00,0,0000-00-00,0,0000-00-00,0,0000-00-00,0,2014-05-22,0.6,1
0.473016,0.6,0.722222,0.764706,0.615385,0.83871,2014-07-17,0,0000-00-00,0.806452,2014-09-03,0.870968,2014-09-09,0.806452,2014-07-02,0,0000-00-00,0.52,2
0.47619,0.6,0.777778,0.823529,0.615385,0.903226,2014-06-11,0.741935,2014-06-12,0.774194,2014-09-03,0.967742,2014-09-09,0,0000-00-00,0,0000-00-00,0.64,0
0.479365,0.6,0.833333,0.823529,0.769231,0.967742,2014-07-09,0.806452,2014-07-10,0.806452,2014-06-17,0.967742,2014-09-09,0,0000-00-00,0,2014-04-15,0.84,0
0.48254,0.6,0.388889,0.352941,0.615385,0.709677,2014-07-17,0,0000-00-00,0,0000-00-00,0.967742,2014-09-09,0,0000-00-00,0,2014-03-18,0.32,1
0.485714,0.6,0.111111,0.117647,0.923077,0.967742,2014-06-13,0,0000-00-00,0,0000-00-00,0,0000-00-00,0,0000-00-00,0,0000-00-00,0.72,1
0.488889,0.6,0.111111,0.117647,0.307692,0.709677,2014-07-17,0,0000-00-00,0,0000-00-00,0,0000-00-00,0,0000-00-00,0,0000-00-00,0.36,1
0.492063,0.6,0.611111,0.588235,0.461538,0.774194,2014-06-12,0,0000-00-00,0.83871,2014-07-28,0.741935,2014-09-09,0,0000-00-00,0,2014-09-16,0.4,2
0.495238,0.6,0.166667,0.117647,0,0.580645,2014-07-17,0,0000-00-00,0,0000-00-00,0,0000-00-00,0,0000-00-00,0,2014-06-11,0.48,1
0.498413,0.6,0.555556,0.588235,0.384615,0.677419,2014-07-17,0,0000-00-00,0.903226,2014-09-04,0.645161,2014-07-23,0,0000-00-00,0,0000-00-00,0.36,2
0.501587,0.6,0.166667,0.117647,0.384615,0.741935,2014-07-17,0,0000-00-00,0,0000-00-00,0,0000-00-00,0,0000-00-00,0,2014-05-27,0.32,1
0.504762,0.6,0.555556,0.588235,0.846154,0.903226,2014-06-13,0,0000-00-00,0.967742,2014-09-03,0.967742,2014-06-27,0,0000-00-00,0,0000-00-00,0.44,2
0.507937,0.6,0.944444,1,0.461538,0.870968,2014-07-17,0.612903,2014-09-15,0.903226,2014-09-03,0.83871,2014-07-23,0.645161,2014-09-10,0,0000-00-00,0.68,0
0.511111,0.6,1,1,0.538462,0.903226,2014-06-13,0.580645,2014-09-15,0.935484,2014-07-28,0.935484,2014-06-27,0.709677,2014-07-01,0,2014-04-15,0.8,0
0.514286,0.6,0.388889,0.352941,0.692308,0.83871,2014-09-12,0,0000-00-00,0,0000-00-00,0.870968,2014-07-23,0,0000-00-00,0,2014-10-07,0.6,1
0.51746,0.6,0.388889,0.352941,0.538462,0.83871,2014-09-12,0,0000-00-00,0,0000-00-00,0.741935,2014-06-30,0,0000-00-00,0,2014-10-07,0.72,1
0.520635,0.6,0.555556,0.588235,0.923077,0,0000-00-00,1,2014-07-10,1,2014-09-03,0.903226,2014-06-10,0,0000-00-00,0,0000-00-00,0.76,0
0.52381,0.6,0.166667,0.117647,0.692308,0,0000-00-00,0,0000-00-00,0,0000-00-00,0.870968,2014-06-10,0,0000-00-00,0,2014-06-26,0.48,1
0.526984,0.6,0.333333,0.352941,0.384615,0.645161,2014-09-12,0,0000-00-00,0,0000-00-00,0.806452,2014-07-23,0,0000-00-00,0,0000-00-00,0.96,1
0.530159,0.6,0.777778,0.823529,0.538462,0.870968,2014-06-13,0.709677,2014-09-15,0.935484,2014-06-17,0.709677,2014-07-23,0,0000-00-00,0,0000-00-00,0.6,0
0.533333,0.6,0.388889,0.352941,0.384615,0.774194,2014-06-12,0,0000-00-00,0.677419,2014-07-29,0,0000-00-00,0,0000-00-00,0,2014-04-08,0.48,2
0.536508,0.6,0.555556,0.529412,0.538462,0.83871,2014-09-12,0,0000-00-00,0,0000-00-00,0.870968,2014-06-27,0.741935,2014-09-09,0,2014-04-15,0.72,1
0.539683,0.6,0.555556,0.588235,0.384615,0.806452,2014-07-17,0,0000-00-00,0.580645,2014-09-03,0.83871,2014-07-23,0,0000-00-00,0,0000-00-00,0.48,2
0.542857,0.6,0.166667,0.117647,0.230769,0,0000-00-00,0,0000-00-00,0,0000-00-00,0.677419,2014-09-09,0,0000-00-00,0,2014-05-20,0.52,1
0.546032,0.6,0.166667,0.117647,0.153846,0.645161,2014-07-17,0,0000-00-00,0,0000-00-00,0,0000-00-00,0,0000-00-00,0,2014-09-17,0.32,1
0.549206,0.6,0.166667,0.117647,0.230769,0.677419,2014-06-11,0,0000-00-00,0,0000-00-00,0,0000-00-00,0,0000-00-00,0,2014-05-23,0.24,1
0.552381,0.6,0.333333,0.352941,0.384615,0.677419,2014-07-17,0,0000-00-00,0.806452,2014-09-03,0,0000-00-00,0,0000-00-00,0,0000-00-00,0.48,2
0.555556,0.6,0.111111,0.117647,0.461538,0,0000-00-00,0,0000-00-00,0,0000-00-00,0.774194,2014-06-10,0,0000-00-00,0,0000-00-00,0.84,1
0.55873,0.6,0.111111,0.117647,0.538462,0.806452,2014-06-11,0,0000-00-00,0,0000-00-00,0,0000-00-00,0,0000-00-00,0,0000-00-00,0.48,1
0.561905,0.6,0.166667,0.117647,0.230769,0.677419,2014-09-12,0,0000-00-00,0,0000-00-00,0,0000-00-00,0,0000-00-00,0,2014-11-20,0.44,1
0.565079,0.6,0.722222,0.764706,0.538462,0.83871,2014-07-17,0,0000-00-00,0.83871,2014-07-28,0.806452,2014-06-27,0.774194,2014-09-09,0,0000-00-00,0.84,2
0.568254,0.6,1,1,0.846154,1,2014-07-17,0.903226,2014-07-24,0.903226,2014-09-03,1,2014-06-10,0.903226,2014-07-01,0,2014-03-25,0.96,0
0.571429,0.6,0.555556,0.588235,0.538462,0.83871,2014-06-13,0.645161,2014-07-24,0.967742,2014-07-28,0,0000-00-00,0,0000-00-00,0,0000-00-00,0.64,0
0.574603,0.6,0.333333,0.352941,0.846154,0.870968,2014-06-12,0,0000-00-00,0,0000-00-00,0.967742,2014-09-09,0,0000-00-00,0,0000-00-00,0.8,1
0.577778,0.6,0.777778,0.823529,0.384615,0.741935,2014-06-11,0.580645,2014-07-24,0.83871,2014-09-03,0.774194,2014-09-09,0,0000-00-00,0,0000-00-00,0.68,0
0.580952,0.6,0.611111,0.588235,0.384615,0.645161,2014-06-11,0.645161,2014-09-15,0.903226,2014-09-03,0,0000-00-00,0,0000-00-00,0,2014-03-18,0.36,0
0.584127,0.6,0.777778,0.764706,0.538462,0.870968,2014-06-12,0,0000-00-00,0.806452,2014-07-29,0.806452,2014-09-09,0.741935,2014-07-02,0,2014-09-16,0.6,2
0.587302,0.6,0.833333,0.823529,0.769231,1,2014-06-13,0.83871,2014-07-10,0.83871,2014-09-03,0.967742,2014-06-10,0,0000-00-00,0,2014-09-23,0.6,0
0.590476,0.6,0.555556,0.588235,0.846154,0.967742,2014-07-17,0,0000-00-00,0.935484,2014-07-28,0.935484,2014-06-27,0,0000-00-00,0,0000-00-00,0.48,2
0.593651,0.6,0.611111,0.588235,0.769231,0.967742,2014-07-17,0,0000-00-00,0.83871,2014-07-28,0.935484,2014-06-27,0,0000-00-00,0,2014-05-20,0.56,2
0.596825,0.6,0.388889,0.352941,0.538462,0.83871,2014-06-11,0,0000-00-00,0,0000-00-00,0.741935,2014-06-27,0,0000-00-00,0,2014-05-23,0.4,1
0.6,0.6,0.555556,0.529412,0.692308,0.870968,2014-09-12,0,0000-00-00,0,0000-00-00,0.967742,2014-06-10,0.774194,2014-07-30,0,2014-04-28,0.76,1
0.603175,0.8,0.388889,0.352941,0.615385,0.903226,2015-07-10,0.774194,2015-07-14,0,0000-00-00,0,0000-00-00,0,0000-00-00,0,2015-04-22,0.56,1
0.606349,0.8,1,1,0.923077,1,2015-06-10,0.967742,2015-07-14,1,2015-06-30,1,2015-06-25,0.903226,2015-06-15,0,2015-05-12,0.96,0
0.609524,0.8,0.111111,0.117647,0.769231,0,0000-00-00,0,0000-00-00,0.903226,2015-06-30,0,0000-00-00,0,0000-00-00,0,0000-00-00,0.6,2
0.612698,0.8,0.111111,0.117647,0.076923,0,0000-00-00,0,0000-00-00,0,0000-00-00,0.612903,2015-07-27,0,0000-00-00,0,0000-00-00,0.44,1
0.615873,0.8,0.388889,0.294118,0.615385,0,0000-00-00,0,0000-00-00,0,0000-00-00,1,2015-06-25,0.645161,2015-07-09,0,0000-00-00,0.52,1
0.619048,0.8,0.111111,0.117647,0.384615,0.741935,2015-06-11,0,0000-00-00,0,0000-00-00,0,0000-00-00,0,0000-00-00,0,0000-00-00,0.44,1
0.622222,0.8,0.333333,0.352941,0.230769,0.741935,2015-07-09,0,0000-00-00,0,0000-00-00,0.580645,2015-06-25,0,0000-00-00,0,0000-00-00,0.68,1
0.625397,0.8,0.833333,0.823529,0.923077,1,2015-06-12,0.903226,2015-09-14,0.967742,2015-07-07,1,2015-07-24,0,0000-00-00,0,2015-05-08,0.76,0
0.628571,0.8,0.333333,0.352941,0.538462,0.709677,2015-07-10,0,0000-00-00,0.870968,2015-07-07,0,0000-00-00,0,0000-00-00,0,0000-00-00,0.76,2
0.631746,0.8,1,1,0.692308,0.903226,2015-06-11,0.870968,2015-07-14,0.83871,2015-07-30,0.967742,2015-06-26,0.83871,2015-07-01,0,2015-10-12,0.52,0
0.634921,0.8,0.611111,0.588235,0.384615,0.870968,2015-07-09,0,0000-00-00,0.677419,2015-09-01,0.677419,2015-07-24,0,0000-00-00,0,2015-03-03,0.48,2
0.638095,0.8,0.333333,0.352941,0.538462,0,0000-00-00,0,0000-00-00,0.709677,2015-09-23,0.903226,2015-09-11,0,0000-00-00,0,0000-00-00,0.56,2
0.64127,0.8,0.388889,0.352941,0.384615,0.774194,2015-07-09,0,0000-00-00,0,0000-00-00,0.677419,2015-07-27,0,0000-00-00,0,2015-10-22,0.32,1
0.644444,0.8,0.388889,0.352941,0.384615,0.741935,2015-09-17,0,0000-00-00,0,0000-00-00,0.741935,2015-07-27,0,0000-00-00,0,2015-12-15,0.92,1
0.647619,0.8,0.111111,0.117647,0.538462,0,0000-00-00,0,0000-00-00,0.806452,2015-07-07,0,0000-00-00,0,0000-00-00,0,0000-00-00,0.4,2
0.650794,0.8,0.111111,0.117647,0.384615,0.741935,2015-07-09,0,0000-00-00,0,0000-00-00,0,0000-00-00,0,0000-00-00,0,0000-00-00,0.24,1
0.653968,0.8,0.111111,0.117647,0,0,0000-00-00,0,0000-00-00,0,0000-00-00,0.580645,2015-09-11,0,0000-00-00,0,0000-00-00,0.36,1
0.657143,0.8,1,1,0.692308,1,2015-06-12,0.774194,2015-07-14,1,2015-06-30,1,2015-06-23,0.645161,2015-10-05,0,2015-05-08,0.8,0
0.660317,0.8,1,1,0.923077,1,2015-07-10,0.967742,2015-09-14,1,2015-07-28,1,2015-06-25,0.806452,2015-06-15,0,2015-03-26,0.72,0
0.663492,0.8,0.722222,0.764706,1,1,2015-06-08,0,0000-00-00,0.967742,2015-07-28,1,2015-07-24,0.967742,2015-10-08,0,0000-00-00,0.96,2
0.666667,0.8,0.333333,0.352941,0.153846,0.580645,2015-07-10,0,0000-00-00,0.677419,2015-09-22,0,0000-00-00,0,0000-00-00,0,0000-00-00,0.64,2
0.669841,0.8,0.611111,0.588235,0.692308,0.83871,2015-06-11,0,0000-00-00,0.967742,2015-06-30,0.774194,2015-07-24,0,0000-00-00,0,2015-06-04,0.44,2
0.673016,0.8,0.333333,0.352941,0.461538,0.806452,2015-07-10,0,0000-00-00,0.741935,2015-09-02,0,0000-00-00,0,0000-00-00,0,0000-00-00,0.6,2
0.67619,0.8,0.333333,0.352941,0,0.580645,2015-07-09,0,0000-00-00,0,0000-00-00,0.580645,2015-07-27,0,0000-00-00,0,0000-00-00,0.2,1
0.679365,0.8,1,1,0.461538,0.774194,2015-06-08,0.774194,2015-06-16,0.870968,2015-07-27,0.774194,2015-09-11,0.677419,2015-10-05,0,2015-04-08,0.6,0
0.68254,0.8,0.611111,0.588235,0.461538,0.806452,2015-06-25,0,0000-00-00,0.806452,2015-07-28,0.741935,2015-09-11,0,0000-00-00,0,2015-03-23,0.68,2
0.685714,0.8,0.944444,1,0.923077,0.967742,2015-06-08,0.967742,2015-06-16,0.967742,2015-07-07,1,2015-06-25,0.967742,2015-07-09,0,0000-00-00,0.92,0
0.688889,0.8,0.722222,0.764706,0.769231,0.83871,2015-06-12,0,0000-00-00,1,2015-06-30,0.967742,2015-07-24,0.741935,2015-09-15,0,0000-00-00,0.8,2
0.692063,0.8,0.111111,0.117647,0.615385,0,0000-00-00,0,0000-00-00,0.83871,2015-07-28,0,0000-00-00,0,0000-00-00,0,0000-00-00,0.52,2
0.695238,0.8,0.555556,0.588235,0.538462,0.774194,2015-06-11,0,0000-00-00,0.774194,2015-09-01,0.903226,2015-06-25,0,0000-00-00,0,0000-00-00,0.64,2
0.698413,0.8,0.111111,0.117647,0.923077,0.967742,2015-06-09,0,0000-00-00,0,0000-00-00,0,0000-00-00,0,0000-00-00,0,0000-00-00,0.4,1
0.701587,0.8,0.611111,0.588235,0.538462,0.83871,2015-06-11,0,0000-00-00,0.645161,2015-09-01,0.967742,2015-07-24,0,0000-00-00,0,2015-03-27,0.6,2
0.704762,0.8,0.833333,0.823529,0.538462,0.806452,2015-06-11,0.580645,2015-09-14,1,2015-06-30,0.806452,2015-07-24,0,0000-00-00,0,2015-12-14,0.52,0
0.707937,0.8,0.777778,0.823529,0.461538,0.83871,2015-06-11,0.806452,2015-07-14,0.677419,2015-09-03,0.774194,2015-06-26,0,0000-00-00,0,0000-00-00,0.6,0
0.711111,0.8,0.388889,0.352941,0.461538,0.870968,2015-07-10,0,0000-00-00,0.645161,2015-09-01,0,0000-00-00,0,0000-00-00,0,2015-04-15,0.44,2
0.714286,0.8,0.833333,0.823529,0.692308,0.870968,2015-07-10,0.774194,2015-09-14,0.903226,2015-09-22,0.935484,2015-07-24,0,0000-00-00,0,2015-05-05,0.88,0
0.71746,0.8,0.166667,0.117647,0.076923,0.612903,2015-06-11,0,0000-00-00,0,0000-00-00,0,0000-00-00,0,0000-00-00,0,2015-04-21,0.32,1
0.720635,0.8,0.555556,0.588235,0.307692,0.774194,2015-06-11,0,0000-00-00,0.709677,2015-07-28,0.677419,2015-06-25,0,0000-00-00,0,0000-00-00,0.56,2
0.72381,0.8,1,1,0.846154,0.967742,2015-06-12,0.870968,2015-06-16,0.967742,2015-09-02,1,2015-06-25,0.903226,2015-07-09,0,2015-03-03,0.8,0
0.726984,0.8,0.611111,0.588235,0.923077,1,2015-06-12,0,0000-00-00,0.935484,2015-07-07,1,2015-06-25,0,0000-00-00,0,2015-04-22,0.76,2
0.730159,0.8,0.833333,0.823529,0.923077,1,2015-06-12,1,2015-09-14,0.870968,2015-07-28,1,2015-07-24,0,0000-00-00,0,2015-12-14,0.76,0
0.733333,0.8,0.944444,1,0.692308,0.967742,2015-07-10,0.677419,2015-09-14,0.967742,2015-07-28,1,2015-06-25,0.741935,2015-06-15,0,2014-11-27,0.8,0
0.736508,0.8,0.833333,0.823529,0.692308,0.967742,2015-06-08,0.967742,2015-06-16,0.935484,2015-09-02,0.645161,2015-09-11,0,0000-00-00,0,2015-03-17,0.68,0
0.739683,0.8,0.111111,0.117647,0.538462,0.806452,2015-06-25,0,0000-00-00,0,0000-00-00,0,0000-00-00,0,0000-00-00,0,0000-00-00,0.12,1
0.742857,0.8,0.555556,0.588235,0.769231,0.774194,2015-06-12,0,0000-00-00,0.967742,2015-09-03,1,2015-09-11,0,0000-00-00,0,0000-00-00,0.6,2
0.746032,0.8,1,1,0.692308,1,2015-06-11,0.774194,2015-09-14,1,2015-06-30,0.967742,2015-06-25,0.612903,2015-07-09,0,2015-03-02,0.64,0
0.749206,0.8,0.722222,0.764706,0.692308,0.903226,2015-06-11,0,0000-00-00,0.741935,2015-09-01,1,2015-07-24,0.870968,2015-08-03,0,0000-00-00,0.84,2
0.752381,0.8,0.333333,0.352941,0.153846,0.645161,2015-07-09,0,0000-00-00,0,0000-00-00,0.612903,2015-07-24,0,0000-00-00,0,0000-00-00,0.48,1
0.755556,0.8,0.388889,0.352941,0.307692,0,0000-00-00,0,0000-00-00,0.580645,2015-07-28,0.806452,2015-07-24,0,0000-00-00,0,2015-06-12,0.56,2
0.75873,0.8,0.111111,0.117647,0,0.580645,2015-07-09,0,0000-00-00,0,0000-00-00,0,0000-00-00,0,0000-00-00,0,2014-10-27,0.52,1
0.761905,0.8,0.111111,0.117647,0.923077,0.967742,2015-09-17,0,0000-00-00,0,0000-00-00,0,0000-00-00,0,0000-00-00,0,0000-00-00,0.4,1
0.765079,0.8,0.611111,0.588235,0.846154,0.967742,2015-06-12,0,0000-00-00,0.935484,2015-06-30,0.903226,2015-06-25,0,0000-00-00,0,2015-04-22,0.28,2
0.768254,0.8,0.777778,0.823529,0.538462,0.903226,2015-06-10,0.741935,2015-06-16,0.774194,2015-09-02,0.774194,2015-07-24,0,0000-00-00,0,0000-00-00,0.32,0
0.771429,0.8,0.722222,0.764706,0.461538,0.806452,2015-07-09,0,0000-00-00,0.709677,2015-09-02,0.741935,2015-07-27,0.83871,2015-10-07,0,0000-00-00,0.8,2
0.774603,0.8,0.333333,0.352941,0.615385,0.741935,2015-07-09,0,0000-00-00,0.903226,2015-06-30,0,0000-00-00,0,0000-00-00,0,0000-00-00,0.4,2
0.777778,0.8,0.166667,0.117647,0.615385,0.83871,2015-07-09,0,0000-00-00,0,0000-00-00,0,0000-00-00,0,0000-00-00,0,2015-11-11,0.64,1
0.780952,0.8,0.722222,0.764706,0.846154,0.967742,2015-06-12,0,0000-00-00,1,2015-06-30,0.903226,2015-06-26,0.806452,2015-06-15,0,0000-00-00,0.88,2
0.784127,0.8,0.111111,0.117647,0.461538,0.774194,2015-07-09,0,0000-00-00,0,0000-00-00,0,0000-00-00,0,0000-00-00,0,0000-00-00,0.48,1
0.787302,0.8,0.111111,0.117647,0.384615,0,0000-00-00,0,0000-00-00,0.741935,2015-09-23,0,0000-00-00,0,0000-00-00,0,0000-00-00,0.56,2
0.790476,0.8,0.388889,0.352941,0.384615,0.677419,2015-07-10,0,0000-00-00,0,0000-00-00,0.774194,2015-07-24,0,0000-00-00,0,2015-04-02,0.56,1
0.793651,0.8,0.388889,0.352941,0.461538,0.774194,2015-06-12,0.741935,2015-07-14,0,0000-00-00,0,0000-00-00,0,0000-00-00,0,2015-05-05,0.44,1
0.796825,0.8,1,1,0.923077,0.967742,2015-06-08,1,2015-06-16,0.967742,2015-07-07,0.935484,2015-06-26,0.903226,2015-07-09,0,2015-05-28,0.72,0
0.8,0.8,0.555556,0.529412,0.461538,0.774194,2015-07-09,0,0000-00-00,0.709677,2015-09-22,0,0000-00-00,0.83871,2015-06-16,0,2015-03-17,0.48,2
0.803175,0.8,0.333333,0.352941,0.384615,0.709677,2015-06-11,0,0000-00-00,0,0000-00-00,0.774194,2015-07-27,0,0000-00-00,0,0000-00-00,0.48,1
0.806349,0.8,0.611111,0.588235,0.692308,0.967742,2015-06-11,0.774194,2015-09-14,0,0000-00-00,0.870968,2015-06-26,0,0000-00-00,0,2015-12-10,0.64,1
0.809524,0.8,0.611111,0.588235,0.769231,0.903226,2015-07-09,0,0000-00-00,0.83871,2015-07-29,0.967742,2015-06-25,0,0000-00-00,0,2015-06-03,0.68,2
0.812698,0.8,0.333333,0.352941,0.461538,0.645161,2015-07-09,0,0000-00-00,0,0000-00-00,0.870968,2015-09-11,0,0000-00-00,0,0000-00-00,0.48,1
0.815873,0.8,0.555556,0.588235,0.769231,0.806452,2015-07-09,0,0000-00-00,1,2015-09-23,0.903226,2015-06-26,0,0000-00-00,0,0000-00-00,0.84,2
0.819048,1,0.333333,0.352941,0.846154,0.903226,2016-06-15,0,0000-00-00,0,0000-00-00,0.935484,2016-09-20,0,0000-00-00,0,0000-00-00,0.72,1
0.822222,1,0.333333,0.352941,0.846154,0.967742,2016-06-15,0,0000-00-00,0,0000-00-00,0.903226,2016-09-20,0,0000-00-00,0,0000-00-00,0.88,1
0.825397,1,0.333333,0.352941,0.615385,0.774194,2016-09-16,0,0000-00-00,0,0000-00-00,0.870968,2016-09-20,0,0000-00-00,0,0000-00-00,0.52,1
0.828571,1,0.666667,0.705882,0.307692,0.774194,2016-06-14,0.677419,2016-09-19,0.83871,2016-07-26,0.580645,2016-10-12,0,0000-00-00,0,0000-00-00,0.72,0
0.831746,1,0.388889,0.352941,0.153846,0.612903,2016-06-15,0,0000-00-00,0,0000-00-00,0.645161,2016-07-15,0,0000-00-00,0,2016-06-15,0.48,1
0.834921,1,0.388889,0.352941,0.846154,0.870968,2016-06-15,0,0000-00-00,0,0000-00-00,0.967742,2016-07-13,0,0000-00-00,0,2016-04-14,0.84,1
0.838095,1,0.166667,0.117647,0.692308,0.870968,2016-09-16,0,0000-00-00,0,0000-00-00,0,0000-00-00,0,0000-00-00,0,2016-11-26,0.6,1
0.84127,1,0.555556,0.588235,0.538462,0.83871,2016-09-16,0.774194,2016-07-18,0.774194,2016-09-15,0,0000-00-00,0,0000-00-00,0,0000-00-00,0.64,0
0.844444,1,0.555556,0.588235,0.384615,0.709677,2016-06-14,0,0000-00-00,0.774194,2016-09-20,0.709677,2016-09-20,0,0000-00-00,0,0000-00-00,0.28,2
0.847619,1,0.333333,0.352941,0.538462,0.806452,2016-09-16,0,0000-00-00,0,0000-00-00,0.806452,2016-09-20,0,0000-00-00,0,0000-00-00,0.76,1
0.850794,1,0.333333,0.294118,0.384615,0.774194,2016-07-08,0,0000-00-00,0,0000-00-00,0,0000-00-00,0.709677,2016-07-14,0,2016-06-17,0.56,1
0.853968,1,1,1,0.923077,1,2016-06-10,0.967742,2016-07-18,0.967742,2016-09-15,1,2016-07-13,0.83871,2016-07-04,0,2016-05-23,0.68,0
0.857143,1,0.611111,0.588235,0.615385,0.870968,2016-06-15,0,0000-00-00,0.774194,2016-07-26,0.870968,2016-07-13,0,0000-00-00,0,2016-11-24,0.8,2
0.860317,1,0.333333,0.352941,0.692308,0.806452,2016-07-12,0,0000-00-00,0,0000-00-00,0.935484,2016-06-23,0,0000-00-00,0,0000-00-00,0.8,1
0.863492,1,1,1,0.615385,0.806452,2016-06-10,0.967742,2016-07-18,0.774194,2016-06-28,0.774194,2016-06-23,0.83871,2016-09-08,0,2016-02-01,0.76,0
0.866667,1,0.611111,0.588235,0.692308,0.774194,2016-06-10,0,0000-00-00,0.967742,2016-06-30,0.83871,2016-09-20,0,0000-00-00,0,2016-10-10,0.28,2
0.869841,1,0.111111,0.117647,0.538462,0.806452,2016-06-15,0,0000-00-00,0,0000-00-00,0,0000-00-00,0,0000-00-00,0,0000-00-00,0.52,1
0.873016,1,0.333333,0.352941,0.615385,0.806452,2016-09-16,0,0000-00-00,0,0000-00-00,0.83871,2016-09-20,0,0000-00-00,0,0000-00-00,0.52,1
0.87619,1,0.388889,0.352941,0.615385,0.83871,2016-07-08,0,0000-00-00,0.806452,2016-09-20,0,0000-00-00,0,0000-00-00,0,2016-07-12,0.8,2
0.879365,1,0.388889,0.352941,0.461538,0.741935,2016-07-15,0,0000-00-00,0,0000-00-00,0.806452,2016-06-23,0,0000-00-00,0,2016-07-06,0.52,1
0.88254,1,0.333333,0.352941,0.769231,0.870968,2016-07-12,0,0000-00-00,0,0000-00-00,0.903226,2016-09-20,0,0000-00-00,0,0000-00-00,0.68,1
0.885714,1,0.388889,0.352941,0.769231,0.967742,2016-07-12,0,0000-00-00,0.83871,2016-09-15,0,0000-00-00,0,0000-00-00,0,2016-05-24,0.76,2
0.888889,1,0.5,0.529412,0.461538,0.870968,2016-09-16,0,0000-00-00,0,0000-00-00,0.774194,2016-07-13,0.677419,2016-09-27,0,0000-00-00,0.56,1
0.892063,1,0.333333,0.352941,0.615385,0.903226,2016-07-12,0,0000-00-00,0.774194,2016-09-20,0,0000-00-00,0,0000-00-00,0,0000-00-00,0.56,2
0.895238,1,0.333333,0.352941,0.692308,0.967742,2016-06-10,0,0000-00-00,0,0000-00-00,0.741935,2016-07-13,0,0000-00-00,0,0000-00-00,0.56,1
0.898413,1,0.5,0.529412,0.538462,0.806452,2016-07-08,0,0000-00-00,0,0000-00-00,0.774194,2016-09-20,0.83871,2016-08-02,0,0000-00-00,0.56,1
0.901587,1,0,0,0.384615,0,0000-00-00,0,0000-00-00,0,0000-00-00,0,0000-00-00,0,0000-00-00,0,2015-12-10,1,1
0.904762,1,0.611111,0.588235,0.538462,0.903226,2016-06-10,0,0000-00-00,0.903226,2016-07-26,0.612903,2016-06-23,0,0000-00-00,0,2016-11-30,0.64,2
0.907937,1,0.555556,0.588235,0.384615,0.709677,2016-07-08,0,0000-00-00,0.774194,2016-09-15,0.774194,2016-09-20,0,0000-00-00,0,0000-00-00,0.8,2
0.911111,1,0.111111,0.117647,0.769231,0,0000-00-00,0,0000-00-00,0.903226,2016-09-15,0,0000-00-00,0,0000-00-00,0,0000-00-00,0.44,2
0.914286,1,0.333333,0.352941,0.615385,0.774194,2016-07-08,0,0000-00-00,0,0000-00-00,0.870968,2016-07-13,0,0000-00-00,0,0000-00-00,0.32,1
0.91746,1,0.111111,0.117647,0.538462,0.806452,2016-06-14,0,0000-00-00,0,0000-00-00,0,0000-00-00,0,0000-00-00,0,0000-00-00,0.44,1
0.920635,1,0.388889,0.352941,0.461538,0.709677,2016-09-16,0,0000-00-00,0,0000-00-00,0.806452,2016-06-23,0,0000-00-00,0,2016-10-07,0.56,1
0.92381,1,0.333333,0.352941,0.461538,0.645161,2016-07-12,0,0000-00-00,0.870968,2016-09-15,0,0000-00-00,0,0000-00-00,0,0000-00-00,0.6,2
0.926984,1,0.388889,0.352941,0.384615,0.741935,2016-06-14,0,0000-00-00,0,0000-00-00,0.709677,2016-09-20,0,0000-00-00,0,2016-09-27,0.4,1
0.930159,1,0.944444,1,0.692308,1,2016-07-08,0.645161,2016-06-09,0.83871,2016-09-15,0.935484,2016-07-13,0.903226,2016-06-15,0,0000-00-00,0.76,0
0.933333,1,0.333333,0.352941,0.461538,0,0000-00-00,0,0000-00-00,0.774194,2016-09-15,0.741935,2016-09-20,0,0000-00-00,0,0000-00-00,0.44,2
0.936508,1,0.111111,0.117647,0.307692,0.709677,2016-09-16,0,0000-00-00,0,0000-00-00,0,0000-00-00,0,0000-00-00,0,0000-00-00,0.8,1
0.939683,1,0.333333,0.352941,0.846154,0.967742,2016-06-10,0,0000-00-00,0.870968,2016-09-20,0,0000-00-00,0,0000-00-00,0,0000-00-00,0.6,2
0.942857,1,0.333333,0.352941,0.846154,0.903226,2016-06-10,0,0000-00-00,0,0000-00-00,0.935484,2016-09-20,0,0000-00-00,0,0000-00-00,0.52,1
0.946032,1,0.722222,0.764706,0.615385,0.903226,2016-06-10,0,0000-00-00,0.774194,2016-09-15,0.806452,2016-09-20,0.83871,2016-09-07,0,0000-00-00,0.64,2
0.949206,1,0.333333,0.352941,0.692308,0.806452,2016-07-08,0,0000-00-00,0,0000-00-00,0.903226,2016-07-13,0,0000-00-00,0,0000-00-00,0.44,1
0.952381,1,0.555556,0.588235,0.615385,0.806452,2016-06-14,0,0000-00-00,0.870968,2016-07-26,0.806452,2016-09-20,0,0000-00-00,0,0000-00-00,0.48,2
0.955556,1,0.166667,0.117647,0.384615,0,0000-00-00,0,0000-00-00,0,0000-00-00,0.741935,2016-07-15,0,0000-00-00,0,2016-04-14,0.6,1
0.95873,1,1,1,0.923077,1,2016-06-10,0.967742,2016-06-09,1,2016-06-28,1,2016-07-13,0.903226,2016-09-08,0,2016-11-28,0.88,0
0.961905,1,0.5,0.529412,0.461538,0.774194,2016-06-10,0,0000-00-00,0,0000-00-00,0.83871,2016-07-13,0.677419,2016-08-01,0,0000-00-00,0.88,1
0.965079,1,0.5,0.529412,0.769231,0.967742,2016-09-16,0,0000-00-00,0,0000-00-00,1,2016-06-23,0.741935,2016-09-28,0,0000-00-00,0.64,1
0.968254,1,0.333333,0.352941,0.384615,0.83871,2016-06-15,0,0000-00-00,0,0000-00-00,0.645161,2016-07-15,0,0000-00-00,0,0000-00-00,0.56,1
0.971429,1,0.555556,0.588235,0.538462,0.83871,2016-06-14,0,0000-00-00,0.870968,2016-09-20,0.741935,2016-07-13,0,0000-00-00,0,0000-00-00,0.76,2
0.974603,1,0.333333,0.352941,0.615385,0.709677,2016-07-08,0,0000-00-00,0,0000-00-00,0.967742,2016-09-20,0,0000-00-00,0,0000-00-00,0.44,1
0.977778,1,0.5,0.529412,0.538462,0.83871,2016-07-12,0,0000-00-00,0,0000-00-00,0.870968,2016-07-13,0.677419,2016-09-07,0,0000-00-00,0.76,1
0.980952,1,0.944444,1,0.769231,0.935484,2016-06-10,0.967742,2016-09-19,0.967742,2016-07-27,0.967742,2016-06-23,0.612903,2016-07-13,0,0000-00-00,0.84,0
0.984127,1,0.333333,0.352941,0.615385,0.903226,2016-06-15,0,0000-00-00,0,0000-00-00,0.774194,2016-07-15,0,0000-00-00,0,0000-00-00,0.84,1
0.987302,1,0.388889,0.352941,0.307692,0.806452,2016-07-08,0.612903,2016-09-19,0,0000-00-00,0,0000-00-00,0,0000-00-00,0,0000-00-00,0.88,1
0.990476,1,0.944444,1,0.692308,0.967742,2016-07-08,0.612903,2016-06-09,1,2016-06-28,0.967742,2016-07-15,0.806452,2016-08-01,0,0000-00-00,0.76,0
0.993651,1,0.111111,0.117647,0.538462,0.806452,2016-07-12,0,0000-00-00,0,0000-00-00,0,0000-00-00,0,0000-00-00,0,0000-00-00,0.64,1
0.996825,1,0.555556,0.588235,0.615385,0.806452,2016-06-15,0.774194,2016-09-19,0,0000-00-00,0.967742,2016-06-23,0,0000-00-00,0,0000-00-00,0.88,1
1,1,0.5,0.529412,0.538462,0.806452,2016-09-16,0,0000-00-00,0,0000-00-00,0.967742,2016-09-20,0.645161,2016-06-15,0,0000-00-00,0.68,1
